{"transition_matrix": [[0.5551257253384806, 0.4448742746615193], [0.5366705471478378, 0.4633294528521622]], "emission_matrix": [[0.31497584541072465, 1.1641443538998837e-13], [0.25120772946869563, 1.1641443538998837e-13], [0.43381642512086954, 1.1641443538998837e-13], [9.661835748792271e-14, 0.4097788125728754], [9.661835748792271e-14, 0.26775320139708964], [9.661835748792271e-14, 0.3224679860303842]], "states": ["home_win", "away_win"], "observations": ["big_win", "win", "close_win", "close_loss", "loss", "big_loss"]}