{"transition_matrix": [[-2.3024651097915503, -8.753487373398405, -8.516193051370891, -1.3862943611198906], [0.0, -0.6847357115943673, -0.682457551295478, -1.3862943611198906], [-74.65606504578909, -0.7037464300843093, -0.7039523138047752, -1.3862943611198906], [-2.3024651097915503, -6.860713954564903, -79.96830615828509, -1.3862943611198906]], "emission_matrix": [[-1.2739863676977183, -8.812060167953051], [-1.0714167952765763, -8.368514450570837], [-0.9749654457172481, -8.895420531647547], [-8.390577315331136, -0.6681767001352075], [-8.676918924255, -1.5172087862172985], [-8.740960975879002, -1.3185745538367106]], "states": ["home_win", "away_win"], "observations": ["big_win", "win", "close_win", "close_loss", "loss", "big_loss"]}