{"transition_matrix": [[-23.025850930340457, -29.96510487598235, -29.776952398877686, -1.3862943611198906], [0.0, -0.6878701148471107, -0.6984643192984681, -1.3862943611198906], [-107.61846099555441, -0.6984522414932712, -0.689970094997526, -1.3862943611198906], [-23.025850930340457, -115.4693994364442, -6.849066680825719, -1.3862943611198906]], "emission_matrix": [[-1.2943682844859277, -12.638297028216217], [-1.08286353435071, -29.624458025147185], [-0.9485511967426614, -30.113542502188423], [-29.581281165112003, -0.711339626739937], [-29.817637827876837, -1.4066489703043779], [-12.771318245269317, -1.3316245669137787]], "states": ["home_win", "away_win"], "observations": ["big_win", "win", "close_win", "close_loss", "loss", "big_loss"]}