{"transition_matrix": [[0.5318744053282527, 0.4681255946717472], [0.5885167464114621, 0.41148325358853793]], "emission_matrix": [[0.3136882129278517, 1.1961722488038277e-13], [0.24334600760465777, 1.1961722488038277e-13], [0.44296577946777566, 1.1961722488038277e-13], [9.505703422053232e-14, 0.4533492822967703], [9.505703422053232e-14, 0.24162679425849282], [9.505703422053232e-14, 0.30502392344509566]], "states": ["home_win", "away_win"], "observations": ["big_win", "win", "close_win", "close_loss", "loss", "big_loss"]}