{"transition_matrix": [[-2.3024651097915503, -8.745880364621781, -8.525754875686413, -1.3862943611198906], [-0.008763148134676157, -0.6034509083747013, -0.6112015719203061, -1.3862943611198906], [-4.741578436844975, -0.7926971557087512, -0.7837629212155299, -1.3862943611198906], [-2.3024651097915503, -7.691606468480967, -7.390144022388904, -1.3862943611198906]], "emission_matrix": [[-1.4151325890004491, -2.3139986681705516], [-1.5691775708978506, -1.867722810102669], [-1.041665557054528, -0.8396319782118589], [-2.2303641812027912, -2.024697878819632], [-2.424363106884803, -1.699599632334869]], "states": ["home_win", "away_win"], "observations": ["strong_history", "positive_history", "neutral_history", "negative_history", "weak_history"]}